<?xml version="1.0" encoding="UTF-8"?>
<project-private xmlns="http://www.netbeans.org/ns/project-private/1">
    <editor-bookmarks xmlns="http://www.netbeans.org/ns/editor-bookmarks/2" lastBookmarkId="0"/>
    <open-files xmlns="http://www.netbeans.org/ns/projectui-open-files/2">
        <group>
            <file>file:/D:/NetBeansProjects/JavaApplicationGiangVien/src/javaapplicationgiangvien/GVCoHuu.java</file>
            <file>file:/D:/NetBeansProjects/JavaApplicationGiangVien/src/javaapplicationgiangvien/DSGV.java</file>
            <file>file:/D:/NetBeansProjects/JavaApplicationGiangVien/src/javaapplicationgiangvien/IGiangVien.java</file>
            <file>file:/D:/NetBeansProjects/JavaApplicationGiangVien/src/javaapplicationgiangvien/GiangVien.java</file>
            <file>file:/D:/NetBeansProjects/JavaApplicationGiangVien/src/javaapplicationgiangvien/GVThinhGiang.java</file>
            <file>file:/D:/NetBeansProjects/JavaApplicationGiangVien/src/gui/QLGV.java</file>
        </group>
    </open-files>
</project-private>
