<?xml version="1.0" encoding="UTF-8"?>
<project-private xmlns="http://www.netbeans.org/ns/project-private/1">
    <editor-bookmarks xmlns="http://www.netbeans.org/ns/editor-bookmarks/2" lastBookmarkId="0"/>
    <open-files xmlns="http://www.netbeans.org/ns/projectui-open-files/2">
        <group>
            <file>file:/D:/OOP/Just%20For%20Fun/CS311J_KTRA_PhanTuanAnh_2511/QuanLyHangHoa/src/quanlyhanghoa/DanhSachHangHoa.java</file>
            <file>file:/D:/OOP/Just%20For%20Fun/CS311J_KTRA_PhanTuanAnh_2511/QuanLyHangHoa/src/quanlyhanghoa/QuanLyGiaoDich.java</file>
        </group>
    </open-files>
</project-private>
